"study_id","pmid","condition","body_site","taxon","ncbi_id","direction","sequencing_type","statistical_test","host_species","country","study_design"
"bsdb:21850056/1/1","21850056","Colorectal cancer","Feces","Porphyromonas",836,"increased","16S","Mann-Whitney (Wilcoxon)","Homo sapiens","China","case-control"
"bsdb:21850056/1/1","21850056","Colorectal cancer","Feces","Escherichia",561,"increased","16S","Mann-Whitney (Wilcoxon)","Homo sapiens","China","case-control"
"bsdb:21850056/1/1","21850056","Colorectal cancer","Feces","Shigella",620,"increased","16S","Mann-Whitney (Wilcoxon)","Homo sapiens","China","case-control"
"bsdb:21850056/1/1","21850056","Colorectal cancer","Feces","Enterococcus",1350,"increased","16S","Mann-Whitney (Wilcoxon)","Homo sapiens","China","case-control"
"bsdb:21850056/1/1","21850056","Colorectal cancer","Feces","Streptococcus",1301,"increased","16S","Mann-Whitney (Wilcoxon)","Homo sapiens","China","case-control"
"bsdb:21850056/1/1","21850056","Colorectal cancer","Feces","Peptostreptococcus",1257,"increased","16S","Mann-Whitney (Wilcoxon)","Homo sapiens","China","case-control"
"bsdb:21850056/1/2","21850056","Colorectal cancer","Feces","Bacteroides",816,"decreased","16S","Mann-Whitney (Wilcoxon)","Homo sapiens","China","case-control"
"bsdb:21850056/1/2","21850056","Colorectal cancer","Feces","Roseburia",841,"decreased","16S","Mann-Whitney (Wilcoxon)","Homo sapiens","China","case-control"
"bsdb:21850056/1/2","21850056","Colorectal cancer","Feces","Alistipes",239759,"decreased","16S","Mann-Whitney (Wilcoxon)","Homo sapiens","China","case-control"
"bsdb:21850056/1/2","21850056","Colorectal cancer","Feces","Eubacterium",1730,"decreased","16S","Mann-Whitney (Wilcoxon)","Homo sapiens","China","case-control"
"bsdb:21850056/1/2","21850056","Colorectal cancer","Feces","Parasutterella",577310,"decreased","16S","Mann-Whitney (Wilcoxon)","Homo sapiens","China","case-control"
"bsdb:23733170/1/1","23733170","Colorectal cancer","Feces","Anaerococcus",165779,"increased","16S","Mann-Whitney (Wilcoxon)","Homo sapiens","China","case-control"
"bsdb:23733170/1/1","23733170","Colorectal cancer","Feces","Campylobacter",194,"increased","16S","Mann-Whitney (Wilcoxon)","Homo sapiens","China","case-control"
"bsdb:23733170/1/1","23733170","Colorectal cancer","Feces","Campylobacteraceae",72294,"increased","16S","Mann-Whitney (Wilcoxon)","Homo sapiens","China","case-control"
"bsdb:23733170/1/1","23733170","Colorectal cancer","Feces","Eubacteriaceae",186806,"increased","16S","Mann-Whitney (Wilcoxon)","Homo sapiens","China","case-control"
"bsdb:23733170/1/1","23733170","Colorectal cancer","Feces","Eubacterium",1730,"increased","16S","Mann-Whitney (Wilcoxon)","Homo sapiens","China","case-control"
"bsdb:23733170/1/1","23733170","Colorectal cancer","Feces","Fastidiosipila",236752,"increased","16S","Mann-Whitney (Wilcoxon)","Homo sapiens","China","case-control"
"bsdb:23733170/1/1","23733170","Colorectal cancer","Feces","Fusobacteriaceae",203492,"increased","16S","Mann-Whitney (Wilcoxon)","Homo sapiens","China","case-control"
"bsdb:23733170/1/1","23733170","Colorectal cancer","Feces","Fusobacteriia",203490,"increased","16S","Mann-Whitney (Wilcoxon)","Homo sapiens","China","case-control"
"bsdb:23733170/1/1","23733170","Colorectal cancer","Feces","Fusobacterium",848,"increased","16S","Mann-Whitney (Wilcoxon)","Homo sapiens","China","case-control"
"bsdb:23733170/1/1","23733170","Colorectal cancer","Feces","Gemella",1378,"increased","16S","Mann-Whitney (Wilcoxon)","Homo sapiens","China","case-control"
"bsdb:23733170/1/1","23733170","Colorectal cancer","Feces","Holdemania",61170,"increased","16S","Mann-Whitney (Wilcoxon)","Homo sapiens","China","case-control"
"bsdb:23733170/1/1","23733170","Colorectal cancer","Feces","Kingella",32257,"increased","16S","Mann-Whitney (Wilcoxon)","Homo sapiens","China","case-control"
"bsdb:23733170/1/1","23733170","Colorectal cancer","Feces","Leptotrichia",32067,"increased","16S","Mann-Whitney (Wilcoxon)","Homo sapiens","China","case-control"
"bsdb:23733170/1/1","23733170","Colorectal cancer","Feces","Odoribacter",283168,"increased","16S","Mann-Whitney (Wilcoxon)","Homo sapiens","China","case-control"
"bsdb:23733170/1/1","23733170","Colorectal cancer","Feces","Oscillibacter",459786,"increased","16S","Mann-Whitney (Wilcoxon)","Homo sapiens","China","case-control"
"bsdb:23733170/1/1","23733170","Colorectal cancer","Feces","Parabacteroides",375288,"increased","16S","Mann-Whitney (Wilcoxon)","Homo sapiens","China","case-control"
"bsdb:23733170/1/1","23733170","Colorectal cancer","Feces","Parvimonas",543311,"increased","16S","Mann-Whitney (Wilcoxon)","Homo sapiens","China","case-control"
"bsdb:23733170/1/1","23733170","Colorectal cancer","Feces","Peptostreptococcus",1257,"increased","16S","Mann-Whitney (Wilcoxon)","Homo sapiens","China","case-control"
"bsdb:23733170/1/1","23733170","Colorectal cancer","Feces","Porphyromonadaceae",171551,"increased","16S","Mann-Whitney (Wilcoxon)","Homo sapiens","China","case-control"
"bsdb:23733170/1/1","23733170","Colorectal cancer","Feces","Porphyromonas",836,"increased","16S","Mann-Whitney (Wilcoxon)","Homo sapiens","China","case-control"
"bsdb:23733170/1/1","23733170","Colorectal cancer","Feces","Solobacterium",123375,"increased","16S","Mann-Whitney (Wilcoxon)","Homo sapiens","China","case-control"
"bsdb:23733170/1/1","23733170","Colorectal cancer","Feces","Staphylococcaceae",90964,"increased","16S","Mann-Whitney (Wilcoxon)","Homo sapiens","China","case-control"
"bsdb:23733170/1/1","23733170","Colorectal cancer","Feces","Tissierellia",1737404,"increased","16S","Mann-Whitney (Wilcoxon)","Homo sapiens","China","case-control"
"bsdb:23733170/1/2","23733170","Colorectal cancer","Feces","Leuconostoc",1243,"decreased","16S","Mann-Whitney (Wilcoxon)","Homo sapiens","China","case-control"
"bsdb:23733170/1/2","23733170","Colorectal cancer","Feces","Streptococcus",1301,"decreased","16S","Mann-Whitney (Wilcoxon)","Homo sapiens","China","case-control"
"bsdb:23940645/1/1","23940645","Colorectal cancer","Feces","Akkermansia muciniphila",239935,"increased","16S","T-Test","Homo sapiens","United States of America","case-control"
"bsdb:23940645/1/1","23940645","Colorectal cancer","Feces","Phascolarctobacterium",33024,"increased","16S","T-Test","Homo sapiens","United States of America","case-control"
"bsdb:23940645/1/1","23940645","Colorectal cancer","Feces","Citrobacter farmeri",67824,"increased","16S","T-Test","Homo sapiens","United States of America","case-control"
"bsdb:23940645/1/1","23940645","Colorectal cancer","Feces","Acidaminobacter",65402,"increased","16S","T-Test","Homo sapiens","United States of America","case-control"
"bsdb:23940645/1/2","23940645","Colorectal cancer","Feces","Bacteroides finegoldii",338188,"decreased","16S","T-Test","Homo sapiens","United States of America","case-control"
"bsdb:23940645/1/2","23940645","Colorectal cancer","Feces","Bacteroides intestinalis",329854,"decreased","16S","T-Test","Homo sapiens","United States of America","case-control"
"bsdb:23940645/1/2","23940645","Colorectal cancer","Feces","Blautia obeum",40520,"decreased","16S","T-Test","Homo sapiens","United States of America","case-control"
"bsdb:23940645/1/2","23940645","Colorectal cancer","Feces","Dialister invisus",218538,"decreased","16S","T-Test","Homo sapiens","United States of America","case-control"
"bsdb:23940645/1/2","23940645","Colorectal cancer","Feces","Dialister pneumosintes",39950,"decreased","16S","T-Test","Homo sapiens","United States of America","case-control"
"bsdb:23940645/1/2","23940645","Colorectal cancer","Feces","Dorea formicigenerans",39486,"decreased","16S","T-Test","Homo sapiens","United States of America","case-control"
"bsdb:23940645/1/2","23940645","Colorectal cancer","Feces","Lachnobacterium bovis",140626,"decreased","16S","T-Test","Homo sapiens","United States of America","case-control"
"bsdb:23940645/1/2","23940645","Colorectal cancer","Feces","Lachnospira pectinoschiza",28052,"decreased","16S","T-Test","Homo sapiens","United States of America","case-control"
"bsdb:23940645/1/2","23940645","Colorectal cancer","Feces","Megamonas hypermegale",158847,"decreased","16S","T-Test","Homo sapiens","United States of America","case-control"
"bsdb:23940645/1/2","23940645","Colorectal cancer","Feces","Segatella copri",165179,"decreased","16S","T-Test","Homo sapiens","United States of America","case-control"
"bsdb:23940645/1/2","23940645","Colorectal cancer","Feces","Segatella oris",28135,"decreased","16S","T-Test","Homo sapiens","United States of America","case-control"
"bsdb:23940645/1/2","23940645","Colorectal cancer","Feces","Pseudobutyrivibrio ruminis",46206,"decreased","16S","T-Test","Homo sapiens","United States of America","case-control"
"bsdb:23940645/1/2","23940645","Colorectal cancer","Feces","Pseudoflavonifractor capillosus",106588,"decreased","16S","T-Test","Homo sapiens","United States of America","case-control"
"bsdb:23940645/1/2","23940645","Colorectal cancer","Feces","Hominimerdicola alba",1264,"decreased","16S","T-Test","Homo sapiens","United States of America","case-control"
"bsdb:24316595/1/1","24316595","Colorectal cancer","Feces","Clostridia",186801,"decreased","16S","Mann-Whitney (Wilcoxon)","Homo sapiens","United States of America","case-control"
"bsdb:24316595/1/1","24316595","Colorectal cancer","Feces","Coprococcus",33042,"decreased","16S","Mann-Whitney (Wilcoxon)","Homo sapiens","United States of America","case-control"
"bsdb:24316595/1/1","24316595","Colorectal cancer","Feces","Eubacteriales",186802,"decreased","16S","Mann-Whitney (Wilcoxon)","Homo sapiens","United States of America","case-control"
"bsdb:24316595/1/1","24316595","Colorectal cancer","Feces","Lachnospiraceae",186803,"decreased","16S","Mann-Whitney (Wilcoxon)","Homo sapiens","United States of America","case-control"
"bsdb:24828543/1/1","24828543","Colorectal cancer","Feces","Bacteroides ovatus",28116,"increased","16S","edgeR","Mus musculus","China","laboratory experiment"
"bsdb:24828543/1/1","24828543","Colorectal cancer","Feces","Bacteroides uniformis",820,"increased","16S","edgeR","Mus musculus","China","laboratory experiment"
"bsdb:24828543/1/1","24828543","Colorectal cancer","Feces","Lactobacillus hamsteri",96565,"increased","16S","edgeR","Mus musculus","China","laboratory experiment"
"bsdb:24828543/1/1","24828543","Colorectal cancer","Feces","Oscillospira",119852,"increased","16S","edgeR","Mus musculus","China","laboratory experiment"
"bsdb:24828543/1/1","24828543","Colorectal cancer","Feces","[Clostridium] symbiosum",1512,"increased","16S","edgeR","Mus musculus","China","laboratory experiment"
"bsdb:24828543/1/1","24828543","Colorectal cancer","Feces","Streptococcus lutetiensis",150055,"increased","16S","edgeR","Mus musculus","China","laboratory experiment"
"bsdb:24828543/1/1","24828543","Colorectal cancer","Feces","Muribaculaceae",2005473,"increased","16S","edgeR","Mus musculus","China","laboratory experiment"
"bsdb:24828543/1/1","24828543","Colorectal cancer","Feces","Erysipelotrichaceae",128827,"increased","16S","edgeR","Mus musculus","China","laboratory experiment"
"bsdb:24828543/1/1","24828543","Colorectal cancer","Feces","Prevotella",838,"increased","16S","edgeR","Mus musculus","China","laboratory experiment"
"bsdb:24828543/1/1","24828543","Colorectal cancer","Feces","Lachnobacterium",140625,"increased","16S","edgeR","Mus musculus","China","laboratory experiment"
"bsdb:24828543/1/1","24828543","Colorectal cancer","Feces","Wandonia",1115103,"increased","16S","edgeR","Mus musculus","China","laboratory experiment"
"bsdb:24828543/1/1","24828543","Colorectal cancer","Feces","bacterium AF12",1729795,"increased","16S","edgeR","Mus musculus","China","laboratory experiment"
"bsdb:24828543/1/1","24828543","Colorectal cancer","Feces","Anaerostipes",207244,"increased","16S","edgeR","Mus musculus","China","laboratory experiment"
"bsdb:24828543/1/1","24828543","Colorectal cancer","Feces","Rikenellaceae",171550,"increased","16S","edgeR","Mus musculus","China","laboratory experiment"
"bsdb:24828543/1/1","24828543","Colorectal cancer","Feces","Faecalibacterium prausnitzii",853,"increased","16S","edgeR","Mus musculus","China","laboratory experiment"
"bsdb:24828543/1/1","24828543","Colorectal cancer","Feces","Bacteroides",816,"increased","16S","edgeR","Mus musculus","China","laboratory experiment"
"bsdb:24828543/1/1","24828543","Colorectal cancer","Feces","Moryella indoligenes",371674,"increased","16S","edgeR","Mus musculus","China","laboratory experiment"
"bsdb:24828543/1/1","24828543","Colorectal cancer","Feces","Ruminococcus",1263,"increased","16S","edgeR","Mus musculus","China","laboratory experiment"
"bsdb:24828543/1/1","24828543","Colorectal cancer","Feces","Coprococcus",33042,"increased","16S","edgeR","Mus musculus","China","laboratory experiment"
"bsdb:24828543/1/1","24828543","Colorectal cancer","Feces","Odoribacter",283168,"increased","16S","edgeR","Mus musculus","China","laboratory experiment"
"bsdb:24828543/1/1","24828543","Colorectal cancer","Feces","Candidatus Phytoplasma solani",69896,"increased","16S","edgeR","Mus musculus","China","laboratory experiment"
"bsdb:24828543/1/1","24828543","Colorectal cancer","Feces","Roseburia faecis",301302,"increased","16S","edgeR","Mus musculus","China","laboratory experiment"
"bsdb:24828543/1/2","24828543","Colorectal cancer","Feces","Faecalibacterium prausnitzii",853,"decreased","16S","edgeR","Mus musculus","China","laboratory experiment"
"bsdb:24828543/1/2","24828543","Colorectal cancer","Feces","Mediterraneibacter gnavus",33038,"decreased","16S","edgeR","Mus musculus","China","laboratory experiment"
"bsdb:24828543/1/2","24828543","Colorectal cancer","Feces","Moryella indoligenes",371674,"decreased","16S","edgeR","Mus musculus","China","laboratory experiment"
"bsdb:24828543/1/2","24828543","Colorectal cancer","Feces","Oribacterium",265975,"decreased","16S","edgeR","Mus musculus","China","laboratory experiment"
"bsdb:24828543/1/2","24828543","Colorectal cancer","Feces","Parabacteroides distasonis",823,"decreased","16S","edgeR","Mus musculus","China","laboratory experiment"
"bsdb:24828543/1/2","24828543","Colorectal cancer","Feces","Rikenella",28138,"decreased","16S","edgeR","Mus musculus","China","laboratory experiment"
"bsdb:24828543/1/2","24828543","Colorectal cancer","Feces","Bacteroidales",171549,"decreased","16S","edgeR","Mus musculus","China","laboratory experiment"
"bsdb:24828543/1/2","24828543","Colorectal cancer","Feces","Lachnospiraceae",186803,"decreased","16S","edgeR","Mus musculus","China","laboratory experiment"
"bsdb:24828543/1/2","24828543","Colorectal cancer","Feces","Mollicutes",31969,"decreased","16S","edgeR","Mus musculus","China","laboratory experiment"
"bsdb:24828543/1/2","24828543","Colorectal cancer","Feces","Muribaculaceae",2005473,"decreased","16S","edgeR","Mus musculus","China","laboratory experiment"
"bsdb:24828543/1/2","24828543","Colorectal cancer","Feces","Rikenellaceae",171550,"decreased","16S","edgeR","Mus musculus","China","laboratory experiment"
"bsdb:24828543/1/2","24828543","Colorectal cancer","Feces","Candidatus Phytoplasma citri",180978,"decreased","16S","edgeR","Mus musculus","China","laboratory experiment"
"bsdb:24828543/1/2","24828543","Colorectal cancer","Feces","Ruminococcus",1263,"decreased","16S","edgeR","Mus musculus","China","laboratory experiment"
"bsdb:24828543/1/2","24828543","Colorectal cancer","Feces","Dorea",189330,"decreased","16S","edgeR","Mus musculus","China","laboratory experiment"
"bsdb:24828543/1/2","24828543","Colorectal cancer","Feces","Mogibacterium",86331,"decreased","16S","edgeR","Mus musculus","China","laboratory experiment"
"bsdb:24828543/1/2","24828543","Colorectal cancer","Feces","Candidatus Phytoplasma solani",69896,"decreased","16S","edgeR","Mus musculus","China","laboratory experiment"
"bsdb:24828543/1/2","24828543","Colorectal cancer","Feces","Odoribacter",283168,"decreased","16S","edgeR","Mus musculus","China","laboratory experiment"
"bsdb:24828543/1/2","24828543","Colorectal cancer","Feces","Roseburia",841,"decreased","16S","edgeR","Mus musculus","China","laboratory experiment"
"bsdb:24828543/2/1","24828543","Colorectal cancer","Feces","Muribaculaceae",2005473,"increased","16S","edgeR","Mus musculus","China","laboratory experiment"
"bsdb:24828543/2/2","24828543","Colorectal cancer","Feces","Bacteroides",816,"decreased","16S","edgeR","Mus musculus","China","laboratory experiment"
"bsdb:24828543/2/2","24828543","Colorectal cancer","Feces","Faecalibacterium prausnitzii",853,"decreased","16S","edgeR","Mus musculus","China","laboratory experiment"
"bsdb:24828543/2/2","24828543","Colorectal cancer","Feces","Flavobacterium succinicans",29536,"decreased","16S","edgeR","Mus musculus","China","laboratory experiment"
"bsdb:24828543/2/2","24828543","Colorectal cancer","Feces","Prevotella",838,"decreased","16S","edgeR","Mus musculus","China","laboratory experiment"
"bsdb:24828543/2/2","24828543","Colorectal cancer","Feces","Rikenellaceae",171550,"decreased","16S","edgeR","Mus musculus","China","laboratory experiment"
"bsdb:24828543/2/2","24828543","Colorectal cancer","Feces","rumen bacterium YS2",209265,"decreased","16S","edgeR","Mus musculus","China","laboratory experiment"
"bsdb:24828543/2/2","24828543","Colorectal cancer","Feces","Christensenellaceae",990719,"decreased","16S","edgeR","Mus musculus","China","laboratory experiment"
"bsdb:24828543/2/2","24828543","Colorectal cancer","Feces","Erysipelotrichaceae",128827,"decreased","16S","edgeR","Mus musculus","China","laboratory experiment"
"bsdb:24828543/2/2","24828543","Colorectal cancer","Feces","Muribaculaceae",2005473,"decreased","16S","edgeR","Mus musculus","China","laboratory experiment"
"bsdb:24828543/3/1","24828543","Colorectal cancer","Feces","Muribaculaceae",2005473,"increased","16S","edgeR","Mus musculus","China","laboratory experiment"
"bsdb:24828543/3/1","24828543","Colorectal cancer","Feces","Prevotella",838,"increased","16S","edgeR","Mus musculus","China","laboratory experiment"
"bsdb:24828543/3/1","24828543","Colorectal cancer","Feces","Rikenellaceae",171550,"increased","16S","edgeR","Mus musculus","China","laboratory experiment"
"bsdb:24828543/3/1","24828543","Colorectal cancer","Feces","Allobaculum",174708,"increased","16S","edgeR","Mus musculus","China","laboratory experiment"
"bsdb:24828543/3/1","24828543","Colorectal cancer","Feces","bacterium AF12",1729795,"increased","16S","edgeR","Mus musculus","China","laboratory experiment"
"bsdb:24828543/3/1","24828543","Colorectal cancer","Feces","Faecalibacterium prausnitzii",853,"increased","16S","edgeR","Mus musculus","China","laboratory experiment"
"bsdb:24828543/3/1","24828543","Colorectal cancer","Feces","Wandonia",1115103,"increased","16S","edgeR","Mus musculus","China","laboratory experiment"
"bsdb:24828543/3/1","24828543","Colorectal cancer","Feces","Erysipelotrichaceae",128827,"increased","16S","edgeR","Mus musculus","China","laboratory experiment"
"bsdb:24828543/3/1","24828543","Colorectal cancer","Feces","Anaerostipes",207244,"increased","16S","edgeR","Mus musculus","China","laboratory experiment"
"bsdb:24828543/3/1","24828543","Colorectal cancer","Feces","Odoribacter",283168,"increased","16S","edgeR","Mus musculus","China","laboratory experiment"
"bsdb:24828543/3/1","24828543","Colorectal cancer","Feces","Oscillospira",119852,"increased","16S","edgeR","Mus musculus","China","laboratory experiment"
"bsdb:24828543/3/1","24828543","Colorectal cancer","Feces","Candidatus Phytoplasma solani",69896,"increased","16S","edgeR","Mus musculus","China","laboratory experiment"
"bsdb:24828543/3/1","24828543","Colorectal cancer","Feces","Butyrivibrio",830,"increased","16S","edgeR","Mus musculus","China","laboratory experiment"
"bsdb:24828543/3/3","24828543","Colorectal cancer","Feces","Roseburia",841,"decreased","16S","edgeR","Mus musculus","China","laboratory experiment"
"bsdb:24828543/3/3","24828543","Colorectal cancer","Feces","Prevotella",838,"decreased","16S","edgeR","Mus musculus","China","laboratory experiment"
"bsdb:24828543/3/3","24828543","Colorectal cancer","Feces","Mediterraneibacter gnavus",33038,"decreased","16S","edgeR","Mus musculus","China","laboratory experiment"
"bsdb:24828543/4/1","24828543","Colorectal cancer","Feces","Parabacteroides distasonis",823,"increased","16S","edgeR","Mus musculus","China","laboratory experiment"
"bsdb:24828543/4/1","24828543","Colorectal cancer","Feces","Bacteroides uniformis",820,"increased","16S","edgeR","Mus musculus","China","laboratory experiment"
"bsdb:24828543/4/1","24828543","Colorectal cancer","Feces","Erysipelotrichaceae",128827,"increased","16S","edgeR","Mus musculus","China","laboratory experiment"
"bsdb:24828543/4/1","24828543","Colorectal cancer","Feces","Muribaculaceae",2005473,"increased","16S","edgeR","Mus musculus","China","laboratory experiment"
"bsdb:24828543/4/1","24828543","Colorectal cancer","Feces","Salinispora tropica",168695,"increased","16S","edgeR","Mus musculus","China","laboratory experiment"
"bsdb:24828543/4/1","24828543","Colorectal cancer","Feces","Wandonia",1115103,"increased","16S","edgeR","Mus musculus","China","laboratory experiment"
"bsdb:24828543/4/1","24828543","Colorectal cancer","Feces","Flavobacterium succinicans",29536,"increased","16S","edgeR","Mus musculus","China","laboratory experiment"
"bsdb:24828543/4/1","24828543","Colorectal cancer","Feces","Oscillospiraceae",216572,"increased","16S","edgeR","Mus musculus","China","laboratory experiment"
"bsdb:24828543/4/1","24828543","Colorectal cancer","Feces","Ruminococcus callidus",40519,"increased","16S","edgeR","Mus musculus","China","laboratory experiment"
"bsdb:24828543/4/1","24828543","Colorectal cancer","Feces","Acholeplasmatales bacterium canine oral taxon 172",1151604,"increased","16S","edgeR","Mus musculus","China","laboratory experiment"
"bsdb:24828543/4/1","24828543","Colorectal cancer","Feces","Bacteroides",816,"increased","16S","edgeR","Mus musculus","China","laboratory experiment"
"bsdb:24828543/4/1","24828543","Colorectal cancer","Feces","Ruminococcus",1263,"increased","16S","edgeR","Mus musculus","China","laboratory experiment"
"bsdb:24828543/4/1","24828543","Colorectal cancer","Feces","Lachnospira",28050,"increased","16S","edgeR","Mus musculus","China","laboratory experiment"
"bsdb:24828543/4/1","24828543","Colorectal cancer","Feces","Bacteroides ovatus",28116,"increased","16S","edgeR","Mus musculus","China","laboratory experiment"
"bsdb:24828543/4/1","24828543","Colorectal cancer","Feces","Moryella indoligenes",371674,"increased","16S","edgeR","Mus musculus","China","laboratory experiment"
"bsdb:24828543/4/1","24828543","Colorectal cancer","Feces","Butyrivibrio",830,"increased","16S","edgeR","Mus musculus","China","laboratory experiment"
"bsdb:24828543/4/2","24828543","Colorectal cancer","Feces","Oscillospiraceae",216572,"decreased","16S","edgeR","Mus musculus","China","laboratory experiment"
"bsdb:24828543/4/2","24828543","Colorectal cancer","Feces","Rikenella",28138,"decreased","16S","edgeR","Mus musculus","China","laboratory experiment"
"bsdb:24828543/4/2","24828543","Colorectal cancer","Feces","Faecalibacterium prausnitzii",853,"decreased","16S","edgeR","Mus musculus","China","laboratory experiment"
"bsdb:24828543/4/2","24828543","Colorectal cancer","Feces","Mediterraneibacter gnavus",33038,"decreased","16S","edgeR","Mus musculus","China","laboratory experiment"
"bsdb:24828543/4/2","24828543","Colorectal cancer","Feces","Shuttleworthella",177971,"decreased","16S","edgeR","Mus musculus","China","laboratory experiment"
"bsdb:24828543/4/2","24828543","Colorectal cancer","Feces","Rikenellaceae",171550,"decreased","16S","edgeR","Mus musculus","China","laboratory experiment"
"bsdb:24828543/4/2","24828543","Colorectal cancer","Feces","Roseburia",841,"decreased","16S","edgeR","Mus musculus","China","laboratory experiment"
"bsdb:24828543/4/2","24828543","Colorectal cancer","Feces","Enterococcaceae bacterium RF39",423410,"decreased","16S","edgeR","Mus musculus","China","laboratory experiment"
"bsdb:19903265/1/1","19903265","Irritable bowel syndrome","Feces","Veillonella",29465,"increased","WMS","Spearman Correlation","Homo sapiens","Japan","case-control"
"bsdb:19903265/1/1","19903265","Irritable bowel syndrome","Feces","Lactobacillus",1578,"increased","WMS","Spearman Correlation","Homo sapiens","Japan","case-control"
"bsdb:19903265/1/2","19903265","Irritable bowel syndrome","Feces","Clostridium",1485,"decreased","WMS","Spearman Correlation","Homo sapiens","Japan","case-control"
"bsdb:21741921/1/1","21741921","Irritable bowel syndrome","Feces","Acidobacteriaceae",204434,"increased","16S","Mann-Whitney (Wilcoxon)","Homo sapiens","United States of America","case-control"
"bsdb:21741921/1/1","21741921","Irritable bowel syndrome","Feces","Aeromonadaceae",84642,"increased","16S","Mann-Whitney (Wilcoxon)","Homo sapiens","United States of America","case-control"
"bsdb:21741921/1/1","21741921","Irritable bowel syndrome","Feces","Alteromonadaceae",72275,"increased","16S","Mann-Whitney (Wilcoxon)","Homo sapiens","United States of America","case-control"
"bsdb:21741921/1/1","21741921","Irritable bowel syndrome","Feces","Bacillaceae",186817,"increased","16S","Mann-Whitney (Wilcoxon)","Homo sapiens","United States of America","case-control"
"bsdb:21741921/1/1","21741921","Irritable bowel syndrome","Feces","Cellulomonadaceae",85016,"increased","16S","Mann-Whitney (Wilcoxon)","Homo sapiens","United States of America","case-control"
"bsdb:21741921/1/1","21741921","Irritable bowel syndrome","Feces","Clostridiaceae",31979,"increased","16S","Mann-Whitney (Wilcoxon)","Homo sapiens","United States of America","case-control"
"bsdb:21741921/1/1","21741921","Irritable bowel syndrome","Feces","Coxiellaceae",118968,"increased","16S","Mann-Whitney (Wilcoxon)","Homo sapiens","United States of America","case-control"
"bsdb:21741921/1/1","21741921","Irritable bowel syndrome","Feces","Desulfobacteraceae",213119,"increased","16S","Mann-Whitney (Wilcoxon)","Homo sapiens","United States of America","case-control"
"bsdb:21741921/1/1","21741921","Irritable bowel syndrome","Feces","Desulfovibrionaceae",194924,"increased","16S","Mann-Whitney (Wilcoxon)","Homo sapiens","United States of America","case-control"
"bsdb:21741921/1/1","21741921","Irritable bowel syndrome","Feces","Enterobacteriaceae",543,"increased","16S","Mann-Whitney (Wilcoxon)","Homo sapiens","United States of America","case-control"
"bsdb:21741921/1/1","21741921","Irritable bowel syndrome","Feces","Escherichia coli",562,"increased","16S","Mann-Whitney (Wilcoxon)","Homo sapiens","United States of America","case-control"
"bsdb:21741921/1/1","21741921","Irritable bowel syndrome","Feces","Eubacteriaceae",186806,"increased","16S","Mann-Whitney (Wilcoxon)","Homo sapiens","United States of America","case-control"
"bsdb:21741921/1/1","21741921","Irritable bowel syndrome","Feces","Lachnospiraceae",186803,"increased","16S","Mann-Whitney (Wilcoxon)","Homo sapiens","United States of America","case-control"
"bsdb:21741921/1/1","21741921","Irritable bowel syndrome","Feces","Nitrospiraceae",189779,"increased","16S","Mann-Whitney (Wilcoxon)","Homo sapiens","United States of America","case-control"
"bsdb:21741921/1/1","21741921","Irritable bowel syndrome","Feces","Pasteurellaceae",712,"increased","16S","Mann-Whitney (Wilcoxon)","Homo sapiens","United States of America","case-control"
"bsdb:21741921/1/1","21741921","Irritable bowel syndrome","Feces","Peptococcus",2740,"increased","16S","Mann-Whitney (Wilcoxon)","Homo sapiens","United States of America","case-control"
"bsdb:21741921/1/1","21741921","Irritable bowel syndrome","Feces","Peptostreptococcaceae",186804,"increased","16S","Mann-Whitney (Wilcoxon)","Homo sapiens","United States of America","case-control"
"bsdb:21741921/1/1","21741921","Irritable bowel syndrome","Feces","Polyangiaceae",49,"increased","16S","Mann-Whitney (Wilcoxon)","Homo sapiens","United States of America","case-control"
"bsdb:21741921/1/1","21741921","Irritable bowel syndrome","Feces","Prevotellaceae",171552,"increased","16S","Mann-Whitney (Wilcoxon)","Homo sapiens","United States of America","case-control"
"bsdb:21741921/1/1","21741921","Irritable bowel syndrome","Feces","Promicromonosporaceae",85017,"increased","16S","Mann-Whitney (Wilcoxon)","Homo sapiens","United States of America","case-control"
"bsdb:21741921/1/1","21741921","Irritable bowel syndrome","Feces","Streptococcaceae",1300,"increased","16S","Mann-Whitney (Wilcoxon)","Homo sapiens","United States of America","case-control"
"bsdb:21741921/1/1","21741921","Irritable bowel syndrome","Feces","Syntrophobacteraceae",213465,"increased","16S","Mann-Whitney (Wilcoxon)","Homo sapiens","United States of America","case-control"
"bsdb:21741921/1/1","21741921","Irritable bowel syndrome","Feces","Thiotrichaceae",135617,"increased","16S","Mann-Whitney (Wilcoxon)","Homo sapiens","United States of America","case-control"
"bsdb:21741921/1/2","21741921","Irritable bowel syndrome","Feces","Bacteroidaceae",815,"decreased","16S","Mann-Whitney (Wilcoxon)","Homo sapiens","United States of America","case-control"
"bsdb:21741921/1/2","21741921","Irritable bowel syndrome","Feces","Cellulomonadaceae",85016,"decreased","16S","Mann-Whitney (Wilcoxon)","Homo sapiens","United States of America","case-control"
"bsdb:21741921/1/2","21741921","Irritable bowel syndrome","Feces","Lachnospiraceae",186803,"decreased","16S","Mann-Whitney (Wilcoxon)","Homo sapiens","United States of America","case-control"
"bsdb:21741921/1/2","21741921","Irritable bowel syndrome","Feces","Paenibacillaceae",186822,"decreased","16S","Mann-Whitney (Wilcoxon)","Homo sapiens","United States of America","case-control"
"bsdb:21741921/1/2","21741921","Irritable bowel syndrome","Feces","Porphyromonadaceae",171551,"decreased","16S","Mann-Whitney (Wilcoxon)","Homo sapiens","United States of America","case-control"
"bsdb:21741921/1/2","21741921","Irritable bowel syndrome","Feces","Streptococcaceae",1300,"decreased","16S","Mann-Whitney (Wilcoxon)","Homo sapiens","United States of America","case-control"
"bsdb:21741921/1/2","21741921","Irritable bowel syndrome","Feces","Bacteroidota",976,"decreased","16S","Mann-Whitney (Wilcoxon)","Homo sapiens","United States of America","case-control"
"bsdb:21741921/1/2","21741921","Irritable bowel syndrome","Feces","Phocaeicola vulgatus",821,"decreased","16S","Mann-Whitney (Wilcoxon)","Homo sapiens","United States of America","case-control"
"bsdb:21820992/1/1","21820992","Irritable bowel syndrome","Feces","Alistipes",239759,"decreased","16S","T-Test","Homo sapiens","Finland","case-control,prospective cohort"
"bsdb:21820992/1/1","21820992","Irritable bowel syndrome","Feces","Alloprevotella tannerae",76122,"decreased","16S","T-Test","Homo sapiens","Finland","case-control,prospective cohort"
"bsdb:21820992/1/1","21820992","Irritable bowel syndrome","Feces","Bacteroides fragilis",817,"decreased","16S","T-Test","Homo sapiens","Finland","case-control,prospective cohort"
"bsdb:21820992/1/1","21820992","Irritable bowel syndrome","Feces","Bacteroides intestinalis",329854,"decreased","16S","T-Test","Homo sapiens","Finland","case-control,prospective cohort"
"bsdb:21820992/1/1","21820992","Irritable bowel syndrome","Feces","Phocaeicola plebeius",310297,"decreased","16S","T-Test","Homo sapiens","Finland","case-control,prospective cohort"
"bsdb:21820992/1/1","21820992","Irritable bowel syndrome","Feces","Bacteroides uniformis",820,"decreased","16S","T-Test","Homo sapiens","Finland","case-control,prospective cohort"
"bsdb:21820992/1/1","21820992","Irritable bowel syndrome","Feces","Faecalibacterium",216851,"decreased","16S","T-Test","Homo sapiens","Finland","case-control,prospective cohort"
"bsdb:21820992/1/1","21820992","Irritable bowel syndrome","Feces","Odoribacter",283168,"decreased","16S","T-Test","Homo sapiens","Finland","case-control,prospective cohort"
"bsdb:21820992/1/1","21820992","Irritable bowel syndrome","Feces","Parabacteroides",375288,"decreased","16S","T-Test","Homo sapiens","Finland","case-control,prospective cohort"
"bsdb:21820992/1/1","21820992","Irritable bowel syndrome","Feces","Phocaeicola vulgatus",821,"decreased","16S","T-Test","Homo sapiens","Finland","case-control,prospective cohort"
"bsdb:21820992/1/1","21820992","Irritable bowel syndrome","Feces","Tannerella",195950,"decreased","16S","T-Test","Homo sapiens","Finland","case-control,prospective cohort"
"bsdb:21820992/1/2","21820992","Irritable bowel syndrome","Feces","Blautia",572511,"increased","16S","T-Test","Homo sapiens","Finland","case-control,prospective cohort"
"bsdb:21820992/1/2","21820992","Irritable bowel syndrome","Feces","Clostridioides difficile",1496,"increased","16S","T-Test","Homo sapiens","Finland","case-control,prospective cohort"
"bsdb:21820992/1/2","21820992","Irritable bowel syndrome","Feces","Coprococcus eutactus",33043,"increased","16S","T-Test","Homo sapiens","Finland","case-control,prospective cohort"
"bsdb:21820992/1/2","21820992","Irritable bowel syndrome","Feces","Dialister",39948,"increased","16S","T-Test","Homo sapiens","Finland","case-control,prospective cohort"
"bsdb:21820992/1/2","21820992","Irritable bowel syndrome","Feces","Dorea",189330,"increased","16S","T-Test","Homo sapiens","Finland","case-control,prospective cohort"
"bsdb:21820992/1/2","21820992","Irritable bowel syndrome","Feces","Lacrimispora sphenoides",29370,"increased","16S","T-Test","Homo sapiens","Finland","case-control,prospective cohort"
"bsdb:21820992/1/2","21820992","Irritable bowel syndrome","Feces","Marvinbryantia",248744,"increased","16S","T-Test","Homo sapiens","Finland","case-control,prospective cohort"
"bsdb:21820992/1/2","21820992","Irritable bowel syndrome","Feces","Papillibacter",100175,"increased","16S","T-Test","Homo sapiens","Finland","case-control,prospective cohort"
"bsdb:21820992/1/2","21820992","Irritable bowel syndrome","Feces","Ruminococcus",1263,"increased","16S","T-Test","Homo sapiens","Finland","case-control,prospective cohort"
"bsdb:21820992/1/2","21820992","Irritable bowel syndrome","Feces","Ruminococcus callidus",40519,"increased","16S","T-Test","Homo sapiens","Finland","case-control,prospective cohort"
"bsdb:21820992/1/2","21820992","Irritable bowel syndrome","Feces","Streptococcus intermedius",1338,"increased","16S","T-Test","Homo sapiens","Finland","case-control,prospective cohort"
"bsdb:21820992/1/2","21820992","Irritable bowel syndrome","Feces","Faecalimonas nexilis",29361,"increased","16S","T-Test","Homo sapiens","Finland","case-control,prospective cohort"
"bsdb:21820992/1/2","21820992","Irritable bowel syndrome","Feces","[Clostridium] symbiosum",1512,"increased","16S","T-Test","Homo sapiens","Finland","case-control,prospective cohort"
"bsdb:21820992/1/2","21820992","Irritable bowel syndrome","Feces","Mediterraneibacter gnavus",33038,"increased","16S","T-Test","Homo sapiens","Finland","case-control,prospective cohort"
"bsdb:21820992/1/2","21820992","Irritable bowel syndrome","Feces","[Ruminococcus] lactaris",46228,"increased","16S","T-Test","Homo sapiens","Finland","case-control,prospective cohort"
"bsdb:21820992/1/2","21820992","Irritable bowel syndrome","Feces","uncultured Clostridia bacterium",244328,"increased","16S","T-Test","Homo sapiens","Finland","case-control,prospective cohort"
"bsdb:21820992/2/1","21820992","Irritable bowel syndrome","Feces","Alistipes",239759,"decreased","16S","T-Test","Homo sapiens","Finland","case-control,prospective cohort"
"bsdb:21820992/2/1","21820992","Irritable bowel syndrome","Feces","Alloprevotella tannerae",76122,"decreased","16S","T-Test","Homo sapiens","Finland","case-control,prospective cohort"
"bsdb:21820992/2/1","21820992","Irritable bowel syndrome","Feces","Bacteroides fragilis",817,"decreased","16S","T-Test","Homo sapiens","Finland","case-control,prospective cohort"
"bsdb:21820992/2/1","21820992","Irritable bowel syndrome","Feces","Bacteroides intestinalis",329854,"decreased","16S","T-Test","Homo sapiens","Finland","case-control,prospective cohort"
"bsdb:21820992/2/1","21820992","Irritable bowel syndrome","Feces","Bacteroides ovatus",28116,"decreased","16S","T-Test","Homo sapiens","Finland","case-control,prospective cohort"
"bsdb:21820992/2/1","21820992","Irritable bowel syndrome","Feces","Phocaeicola plebeius",310297,"decreased","16S","T-Test","Homo sapiens","Finland","case-control,prospective cohort"
"bsdb:21820992/2/1","21820992","Irritable bowel syndrome","Feces","Bacteroides uniformis",820,"decreased","16S","T-Test","Homo sapiens","Finland","case-control,prospective cohort"
"bsdb:21820992/2/1","21820992","Irritable bowel syndrome","Feces","Odoribacter",283168,"decreased","16S","T-Test","Homo sapiens","Finland","case-control,prospective cohort"
"bsdb:21820992/2/1","21820992","Irritable bowel syndrome","Feces","Parabacteroides",375288,"decreased","16S","T-Test","Homo sapiens","Finland","case-control,prospective cohort"
"bsdb:21820992/2/1","21820992","Irritable bowel syndrome","Feces","Phocaeicola vulgatus",821,"decreased","16S","T-Test","Homo sapiens","Finland","case-control,prospective cohort"
"bsdb:21820992/2/1","21820992","Irritable bowel syndrome","Feces","Hoylesella oralis",28134,"decreased","16S","T-Test","Homo sapiens","Finland","case-control,prospective cohort"
"bsdb:21820992/2/1","21820992","Irritable bowel syndrome","Feces","Xylanibacter ruminicola",839,"decreased","16S","T-Test","Homo sapiens","Finland","case-control,prospective cohort"
"bsdb:21820992/2/1","21820992","Irritable bowel syndrome","Feces","Tannerella",195950,"decreased","16S","T-Test","Homo sapiens","Finland","case-control,prospective cohort"
"bsdb:21820992/2/1","21820992","Irritable bowel syndrome","Feces","uncultured Bacteroidota bacterium",152509,"decreased","16S","T-Test","Homo sapiens","Finland","case-control,prospective cohort"
"bsdb:21820992/2/2","21820992","Irritable bowel syndrome","Feces","Anaerotruncus",244127,"increased","16S","T-Test","Homo sapiens","Finland","case-control,prospective cohort"
"bsdb:21820992/2/2","21820992","Irritable bowel syndrome","Feces","Anaerovorax",109326,"increased","16S","T-Test","Homo sapiens","Finland","case-control,prospective cohort"
"bsdb:21820992/2/2","21820992","Irritable bowel syndrome","Feces","Aneurinibacillus",55079,"increased","16S","T-Test","Homo sapiens","Finland","case-control,prospective cohort"
"bsdb:21820992/2/2","21820992","Irritable bowel syndrome","Feces","Clostridioides difficile",1496,"increased","16S","T-Test","Homo sapiens","Finland","case-control,prospective cohort"
"bsdb:21820992/2/2","21820992","Irritable bowel syndrome","Feces","Coprococcus eutactus",33043,"increased","16S","T-Test","Homo sapiens","Finland","case-control,prospective cohort"
"bsdb:21820992/2/2","21820992","Irritable bowel syndrome","Feces","Dorea",189330,"increased","16S","T-Test","Homo sapiens","Finland","case-control,prospective cohort"
"bsdb:21820992/2/2","21820992","Irritable bowel syndrome","Feces","Flavonifractor plautii",292800,"increased","16S","T-Test","Homo sapiens","Finland","case-control,prospective cohort"
"bsdb:21820992/2/2","21820992","Irritable bowel syndrome","Feces","Lachnospira",28050,"increased","16S","T-Test","Homo sapiens","Finland","case-control,prospective cohort"
"bsdb:21820992/2/2","21820992","Irritable bowel syndrome","Feces","Marvinbryantia",248744,"increased","16S","T-Test","Homo sapiens","Finland","case-control,prospective cohort"
"bsdb:21820992/2/2","21820992","Irritable bowel syndrome","Feces","Papillibacter",100175,"increased","16S","T-Test","Homo sapiens","Finland","case-control,prospective cohort"
"bsdb:21820992/2/2","21820992","Irritable bowel syndrome","Feces","Peptococcus",2740,"increased","16S","T-Test","Homo sapiens","Finland","case-control,prospective cohort"
"bsdb:21820992/2/2","21820992","Irritable bowel syndrome","Feces","Ruminococcus bromii",40518,"increased","16S","T-Test","Homo sapiens","Finland","case-control,prospective cohort"
"bsdb:21820992/2/2","21820992","Irritable bowel syndrome","Feces","Sporobacter",44748,"increased","16S","T-Test","Homo sapiens","Finland","case-control,prospective cohort"
"bsdb:21820992/2/2","21820992","Irritable bowel syndrome","Feces","Faecalimonas nexilis",29361,"increased","16S","T-Test","Homo sapiens","Finland","case-control,prospective cohort"
"bsdb:21820992/2/2","21820992","Irritable bowel syndrome","Feces","[Clostridium] cellulosi",29343,"increased","16S","T-Test","Homo sapiens","Finland","case-control,prospective cohort"
"bsdb:21820992/2/2","21820992","Irritable bowel syndrome","Feces","[Clostridium] leptum",1535,"increased","16S","T-Test","Homo sapiens","Finland","case-control,prospective cohort"
"bsdb:21820992/2/2","21820992","Irritable bowel syndrome","Feces","[Clostridium] symbiosum",1512,"increased","16S","T-Test","Homo sapiens","Finland","case-control,prospective cohort"
"bsdb:21820992/2/2","21820992","Irritable bowel syndrome","Feces","Mediterraneibacter gnavus",33038,"increased","16S","T-Test","Homo sapiens","Finland","case-control,prospective cohort"
"bsdb:21820992/3/1","21820992","Irritable bowel syndrome","Feces","Alloprevotella tannerae",76122,"decreased","16S","T-Test","Homo sapiens","Finland","case-control,prospective cohort"
"bsdb:21820992/3/1","21820992","Irritable bowel syndrome","Feces","Bacteroides intestinalis",329854,"decreased","16S","T-Test","Homo sapiens","Finland","case-control,prospective cohort"
"bsdb:21820992/3/1","21820992","Irritable bowel syndrome","Feces","Odoribacter",283168,"decreased","16S","T-Test","Homo sapiens","Finland","case-control,prospective cohort"
"bsdb:21820992/3/1","21820992","Irritable bowel syndrome","Feces","Parabacteroides",375288,"decreased","16S","T-Test","Homo sapiens","Finland","case-control,prospective cohort"
"bsdb:21820992/3/1","21820992","Irritable bowel syndrome","Feces","Phocaeicola plebeius",310297,"decreased","16S","T-Test","Homo sapiens","Finland","case-control,prospective cohort"
"bsdb:21820992/3/1","21820992","Irritable bowel syndrome","Feces","Phocaeicola vulgatus",821,"decreased","16S","T-Test","Homo sapiens","Finland","case-control,prospective cohort"
"bsdb:21820992/3/1","21820992","Irritable bowel syndrome","Feces","Hoylesella oralis",28134,"decreased","16S","T-Test","Homo sapiens","Finland","case-control,prospective cohort"
"bsdb:21820992/3/1","21820992","Irritable bowel syndrome","Feces","Tannerella",195950,"decreased","16S","T-Test","Homo sapiens","Finland","case-control,prospective cohort"
"bsdb:21820992/3/2","21820992","Irritable bowel syndrome","Feces","Butyrivibrio",830,"increased","16S","T-Test","Homo sapiens","Finland","case-control,prospective cohort"
"bsdb:21820992/3/2","21820992","Irritable bowel syndrome","Feces","Clostridioides difficile",1496,"increased","16S","T-Test","Homo sapiens","Finland","case-control,prospective cohort"
"bsdb:21820992/3/2","21820992","Irritable bowel syndrome","Feces","Dorea",189330,"increased","16S","T-Test","Homo sapiens","Finland","case-control,prospective cohort"
"bsdb:21820992/3/2","21820992","Irritable bowel syndrome","Feces","Flavonifractor plautii",292800,"increased","16S","T-Test","Homo sapiens","Finland","case-control,prospective cohort"
"bsdb:21820992/3/2","21820992","Irritable bowel syndrome","Feces","Lachnospira",28050,"increased","16S","T-Test","Homo sapiens","Finland","case-control,prospective cohort"
"bsdb:21820992/3/2","21820992","Irritable bowel syndrome","Feces","Peptococcus",2740,"increased","16S","T-Test","Homo sapiens","Finland","case-control,prospective cohort"
"bsdb:21820992/3/2","21820992","Irritable bowel syndrome","Feces","Roseburia",841,"increased","16S","T-Test","Homo sapiens","Finland","case-control,prospective cohort"
"bsdb:21820992/3/2","21820992","Irritable bowel syndrome","Feces","Faecalimonas nexilis",29361,"increased","16S","T-Test","Homo sapiens","Finland","case-control,prospective cohort"
"bsdb:21820992/3/2","21820992","Irritable bowel syndrome","Feces","[Clostridium] symbiosum",1512,"increased","16S","T-Test","Homo sapiens","Finland","case-control,prospective cohort"
"bsdb:21820992/3/2","21820992","Irritable bowel syndrome","Feces","Mediterraneibacter gnavus",33038,"increased","16S","T-Test","Homo sapiens","Finland","case-control,prospective cohort"
"bsdb:21820992/3/2","21820992","Irritable bowel syndrome","Feces","[Ruminococcus] lactaris",46228,"increased","16S","T-Test","Homo sapiens","Finland","case-control,prospective cohort"
"bsdb:21820992/4/1","21820992","Irritable bowel syndrome","Feces","Bifidobacterium",1678,"decreased","16S","T-Test","Homo sapiens","Finland","case-control,prospective cohort"
"bsdb:21820992/4/1","21820992","Irritable bowel syndrome","Feces","Alistipes",239759,"decreased","16S","T-Test","Homo sapiens","Finland","case-control,prospective cohort"
"bsdb:21820992/4/1","21820992","Irritable bowel syndrome","Feces","Bacteroides fragilis",817,"decreased","16S","T-Test","Homo sapiens","Finland","case-control,prospective cohort"
"bsdb:21820992/4/1","21820992","Irritable bowel syndrome","Feces","Bacteroides intestinalis",329854,"decreased","16S","T-Test","Homo sapiens","Finland","case-control,prospective cohort"
"bsdb:21820992/4/1","21820992","Irritable bowel syndrome","Feces","Bacteroides ovatus",28116,"decreased","16S","T-Test","Homo sapiens","Finland","case-control,prospective cohort"
"bsdb:21820992/4/1","21820992","Irritable bowel syndrome","Feces","Bacteroides stercoris",46506,"decreased","16S","T-Test","Homo sapiens","Finland","case-control,prospective cohort"
"bsdb:21820992/4/1","21820992","Irritable bowel syndrome","Feces","Bacteroides uniformis",820,"decreased","16S","T-Test","Homo sapiens","Finland","case-control,prospective cohort"
"bsdb:21820992/4/1","21820992","Irritable bowel syndrome","Feces","Phocaeicola plebeius",310297,"decreased","16S","T-Test","Homo sapiens","Finland","case-control,prospective cohort"
"bsdb:21820992/4/1","21820992","Irritable bowel syndrome","Feces","Phocaeicola vulgatus",821,"decreased","16S","T-Test","Homo sapiens","Finland","case-control,prospective cohort"
"bsdb:21820992/4/1","21820992","Irritable bowel syndrome","Feces","Odoribacter",283168,"decreased","16S","T-Test","Homo sapiens","Finland","case-control,prospective cohort"
"bsdb:21820992/4/1","21820992","Irritable bowel syndrome","Feces","Parabacteroides",375288,"decreased","16S","T-Test","Homo sapiens","Finland","case-control,prospective cohort"
"bsdb:21820992/4/1","21820992","Irritable bowel syndrome","Feces","Hoylesella oralis",28134,"decreased","16S","T-Test","Homo sapiens","Finland","case-control,prospective cohort"
"bsdb:21820992/4/1","21820992","Irritable bowel syndrome","Feces","Xylanibacter ruminicola",839,"decreased","16S","T-Test","Homo sapiens","Finland","case-control,prospective cohort"
"bsdb:21820992/4/1","21820992","Irritable bowel syndrome","Feces","Alloprevotella tannerae",76122,"decreased","16S","T-Test","Homo sapiens","Finland","case-control,prospective cohort"
"bsdb:21820992/4/1","21820992","Irritable bowel syndrome","Feces","Tannerella",195950,"decreased","16S","T-Test","Homo sapiens","Finland","case-control,prospective cohort"
"bsdb:21820992/4/1","21820992","Irritable bowel syndrome","Feces","uncultured Bacteroidota bacterium",152509,"decreased","16S","T-Test","Homo sapiens","Finland","case-control,prospective cohort"
"bsdb:21820992/4/1","21820992","Irritable bowel syndrome","Feces","uncultured Clostridia bacterium",244328,"decreased","16S","T-Test","Homo sapiens","Finland","case-control,prospective cohort"
"bsdb:21820992/4/2","21820992","Irritable bowel syndrome","Feces","Aneurinibacillus",55079,"increased","16S","T-Test","Homo sapiens","Finland","case-control,prospective cohort"
"bsdb:21820992/4/2","21820992","Irritable bowel syndrome","Feces","Streptococcus intermedius",1338,"increased","16S","T-Test","Homo sapiens","Finland","case-control,prospective cohort"
"bsdb:21820992/4/2","21820992","Irritable bowel syndrome","Feces","[Clostridium] leptum",1535,"increased","16S","T-Test","Homo sapiens","Finland","case-control,prospective cohort"
"bsdb:21820992/4/2","21820992","Irritable bowel syndrome","Feces","Flavonifractor plautii",292800,"increased","16S","T-Test","Homo sapiens","Finland","case-control,prospective cohort"
"bsdb:21820992/4/2","21820992","Irritable bowel syndrome","Feces","Papillibacter",100175,"increased","16S","T-Test","Homo sapiens","Finland","case-control,prospective cohort"
"bsdb:21820992/4/2","21820992","Irritable bowel syndrome","Feces","Dialister",39948,"increased","16S","T-Test","Homo sapiens","Finland","case-control,prospective cohort"
"bsdb:21820992/4/2","21820992","Irritable bowel syndrome","Feces","Peptococcus",2740,"increased","16S","T-Test","Homo sapiens","Finland","case-control,prospective cohort"
"bsdb:21820992/4/2","21820992","Irritable bowel syndrome","Feces","Anaerovorax",109326,"increased","16S","T-Test","Homo sapiens","Finland","case-control,prospective cohort"
"bsdb:21820992/4/2","21820992","Irritable bowel syndrome","Feces","Clostridioides difficile",1496,"increased","16S","T-Test","Homo sapiens","Finland","case-control,prospective cohort"
"bsdb:21820992/4/2","21820992","Irritable bowel syndrome","Feces","Blautia",572511,"increased","16S","T-Test","Homo sapiens","Finland","case-control,prospective cohort"
"bsdb:21820992/4/2","21820992","Irritable bowel syndrome","Feces","Marvinbryantia",248744,"increased","16S","T-Test","Homo sapiens","Finland","case-control,prospective cohort"
"bsdb:21820992/4/2","21820992","Irritable bowel syndrome","Feces","Faecalimonas nexilis",29361,"increased","16S","T-Test","Homo sapiens","Finland","case-control,prospective cohort"
"bsdb:21820992/4/2","21820992","Irritable bowel syndrome","Feces","[Clostridium] symbiosum",1512,"increased","16S","T-Test","Homo sapiens","Finland","case-control,prospective cohort"
"bsdb:21820992/4/2","21820992","Irritable bowel syndrome","Feces","Coprococcus eutactus",33043,"increased","16S","T-Test","Homo sapiens","Finland","case-control,prospective cohort"
"bsdb:21820992/4/2","21820992","Irritable bowel syndrome","Feces","Dorea",189330,"increased","16S","T-Test","Homo sapiens","Finland","case-control,prospective cohort"
"bsdb:21820992/4/2","21820992","Irritable bowel syndrome","Feces","Lachnospira",28050,"increased","16S","T-Test","Homo sapiens","Finland","case-control,prospective cohort"
"bsdb:21820992/4/2","21820992","Irritable bowel syndrome","Feces","Roseburia",841,"increased","16S","T-Test","Homo sapiens","Finland","case-control,prospective cohort"
"bsdb:21820992/4/2","21820992","Irritable bowel syndrome","Feces","Mediterraneibacter gnavus",33038,"increased","16S","T-Test","Homo sapiens","Finland","case-control,prospective cohort"
"bsdb:21820992/4/2","21820992","Irritable bowel syndrome","Feces","[Ruminococcus] lactaris",46228,"increased","16S","T-Test","Homo sapiens","Finland","case-control,prospective cohort"
"bsdb:22180058/1/1","22180058","Irritable bowel syndrome","Feces","Faecalibacterium",216851,"decreased","16S","Mann-Whitney (Wilcoxon)","Homo sapiens","Ireland",NA
"bsdb:22180058/1/1","22180058","Irritable bowel syndrome","Feces","Roseburia",841,"decreased","16S","Mann-Whitney (Wilcoxon)","Homo sapiens","Ireland",NA
"bsdb:22180058/1/2","22180058","Irritable bowel syndrome","Feces","Enterobacteriaceae",543,"increased","16S","Mann-Whitney (Wilcoxon)","Homo sapiens","Ireland",NA
"bsdb:22180058/1/3","22180058","Irritable bowel syndrome","Feces","Bifidobacterium",1678,"decreased","16S","Mann-Whitney (Wilcoxon)","Homo sapiens","Ireland",NA
"bsdb:19849869/1/1","19849869","Obesity","Feces","Faecalibacterium prausnitzii",853,"increased","16S","Mann-Whitney (Wilcoxon)","Homo sapiens","India","case-control"
"bsdb:20844065/1/1","20844065","Obesity","Feces","Bacteroides",816,"decreased","16S","Mann-Whitney (Wilcoxon)","Homo sapiens","Finland","time series / longitudinal observational"
"bsdb:20844065/1/1","20844065","Obesity","Feces","Prevotella",838,"decreased","16S","Mann-Whitney (Wilcoxon)","Homo sapiens","Finland","time series / longitudinal observational"
"bsdb:20844065/2/1","20844065","Obesity","Feces","Hathewaya histolytica",1498,"increased","16S","Mann-Whitney (Wilcoxon)","Homo sapiens","Finland","time series / longitudinal observational"
"bsdb:20844065/2/1","20844065","Obesity","Feces","Bifidobacterium catenulatum",1686,"increased","16S","Mann-Whitney (Wilcoxon)","Homo sapiens","Finland","time series / longitudinal observational"
"bsdb:20844065/3/1","20844065","Obesity","Feces","Bacteroides",816,"decreased","16S","Mann-Whitney (Wilcoxon)","Homo sapiens","Finland","time series / longitudinal observational"
"bsdb:20844065/3/1","20844065","Obesity","Feces","Prevotella",838,"decreased","16S","Mann-Whitney (Wilcoxon)","Homo sapiens","Finland","time series / longitudinal observational"
"bsdb:20844065/4/1","20844065","Obesity","Feces","Hathewaya histolytica",1498,"increased","16S","Mann-Whitney (Wilcoxon)","Homo sapiens","Finland","time series / longitudinal observational"
"bsdb:21829158/1/1","21829158","Obesity","Feces","Lactobacillus",1578,"increased","16S","Mann-Whitney (Wilcoxon)","Homo sapiens","France","case-control"
"bsdb:21829158/1/2","21829158","Obesity","Feces","Methanobrevibacter smithii",2173,"decreased","16S","Mann-Whitney (Wilcoxon)","Homo sapiens","France","case-control"
"bsdb:21829158/1/2","21829158","Obesity","Feces","Bifidobacterium animalis",28025,"decreased","16S","Mann-Whitney (Wilcoxon)","Homo sapiens","France","case-control"
"bsdb:21829158/1/2","21829158","Obesity","Feces","Lacticaseibacillus paracasei",1597,"decreased","16S","Mann-Whitney (Wilcoxon)","Homo sapiens","France","case-control"
"bsdb:21829158/1/2","21829158","Obesity","Feces","Lactiplantibacillus plantarum",1590,"decreased","16S","Mann-Whitney (Wilcoxon)","Homo sapiens","France","case-control"
"bsdb:22546742/1/1","22546742","Obesity","Feces","Enterobacteriaceae",543,"increased","16S","Mann-Whitney (Wilcoxon)","Homo sapiens","Sweden","case-control"
"bsdb:22546742/1/2","22546742","Obesity","Feces","Akkermansia muciniphila",239935,"decreased","16S","Mann-Whitney (Wilcoxon)","Homo sapiens","Sweden","case-control"
"bsdb:22546742/1/2","22546742","Obesity","Feces","Desulfovibrio",872,"decreased","16S","Mann-Whitney (Wilcoxon)","Homo sapiens","Sweden","case-control"
"bsdb:23032991/1/1","23032991","Obesity","Feces","Faecalibacterium prausnitzii",853,"increased","WMS","ANOVA","Homo sapiens","Germany","case-control"
"bsdb:23032991/1/2","23032991","Obesity","Feces","Thomasclavelia spiroformis",29348,"decreased","WMS","ANOVA","Homo sapiens","Germany","case-control"
"bsdb:23032991/1/2","23032991","Obesity","Feces","Brachyspira hyodysenteriae",159,"decreased","WMS","ANOVA","Homo sapiens","Germany","case-control"
"bsdb:23032991/1/2","23032991","Obesity","Feces","Fusobacterium periodonticum",860,"decreased","WMS","ANOVA","Homo sapiens","Germany","case-control"
"bsdb:23459324/1/1","23459324","Obesity","Feces","Bacteroidota",976,"decreased","WMS","Chi-Square","Homo sapiens","France","cross-sectional observational, not case-control"
"bsdb:23459324/2/1","23459324","Obesity","Feces","Methanobrevibacter smithii",2173,"decreased","WMS","Chi-Square","Homo sapiens","France","cross-sectional observational, not case-control"
"bsdb:23459324/3/1","23459324","Obesity","Feces","Bifidobacterium animalis",28025,"decreased","WMS","Chi-Square","Homo sapiens","France","cross-sectional observational, not case-control"
"bsdb:23459324/3/2","23459324","Obesity","Feces","Limosilactobacillus reuteri",1598,"increased","WMS","Chi-Square","Homo sapiens","France","cross-sectional observational, not case-control"
